Tweet ID,Treatment,Majority Stance
1240291711504412673,#SocialDistancing,Agree
1294311530960478209,Face Masks,Disagree
1294212167298949120,high #cholesterol,No Stance
1245980019186208769,Powerful Arogya prapti havan,Agree
1234487536971583489,touch screens,Disagree
1240268920852025351,social distancing,Agree
1280313405182627840,Hydroxychloroquin,No Stance
1252822136248393735,Hand wash,Agree
1294321723660095488,Vitamin C,No Stance
1240703547924078592,Modern medicine,Disagree
1288211925084536838,a drug,Disagree
1247969101168828416,a mask,Agree
1287476848138608640,a mask,Agree
1293154778621652992,Ventilation,Agree
1252991351580434440,a COVID 19 drug cocktail,Agree
1234516752748310528,Masks,Disagree
1240444468580560903,hydroxychloroquine,Agree
1288570664719462401,a herbal drink,Disagree
1293220396813225986,ventilation and air filtration,Agree
1252985537012563968,just mainline pool cleaner,No Stance
1240369084476293120,'contactless,Agree
1295289342244659203,the HCQ cocktail,Agree
1240646993028022275,Malaria drug,Agree
1252930729820008451,your hands with soap,Agree
1280174924703731713,harry styles,Agree
1245891046061547520,a light cure,Disagree
1288696191832793089,Hydroxychloroquine,No Stance
1254419614374612994,poison,No Stance
1297866848147591169,delegates conference at subregions,No Stance
1240554229166559232,anti malarial drugs,Agree
1289044265310380034,the helmet,No Stance
1254229127135035392,a drug,No Stance
1288179967755300864,more professional studies with bars,No Stance
1288140961818783744,a box of masks,No Stance
1295227967782580225,hands clean,Agree
1247985448661762053,THE SPREAD OF THE CORONA VIRUS,No Stance
1294685273901522945,Tiger Balm,Agree
1234378348777943040,a mask,Agree
1293303498747129856,a medication,No Stance
1288174266983362566,vodka,Agree
1240605647328116736,cow dung,No Stance
1240723374764154881,a PET scan,No Stance
1280017956739715073,BREAST milk,No Stance
1285414131294584832,Rainwater,No Stance
1240505960495370240,drug,Agree
1288202919788056578,#Hydroxychloroquine,Disagree
1288084342229671936,Cloth face coverings,Agree
1288312434751496193,hydroxychloroquine,No Stance
1234471078065573890,*IMPORTANT* Five natural compounds,Agree
1287337659770253313,Snorting Hot Sauce,No Stance
1293308100288499713,Masks,Agree
1254417448385871872,na sanitizer,Disagree
1247977964010188805,your hands for at least 20 seconds,Agree
1277362629514797056,essential oils,Disagree
1240565494710562819,many drugs,No Stance
1234544333002543104,a vaccine,Agree
1289028102916464640,goggles,No Stance
1234277452727431168,a mask,Agree
1252776519547547649,a Mega-city Lockdown,No Stance
1252637981090996224,Regular exercise,Agree
1288650016169562115,goggles,No Stance
1294394390358548480,synthetic antibody,Agree
1280297279065174023,this rock and meditate,Agree
1252436828063322115,vodka,No Stance
1241557252970070017,two Hydroxychloroquine,Agree
1252654495642812416,50k for herbs,Disagree
1254077453070368769,disinfectant,Agree
1279985776810291201,plasma,Agree
1240684421168205824,the video,No Stance
1234423047823613952,a face mask,Agree
1254086755994779654,sanitizer and mask,Agree
1240702198368989184,Chloroquine,Agree
1282132864440524800,the chemicals in the toothpaste,No Stance
1240764005536464896,the X12 secret serum,No Stance
1234458071860011009,Clorox,Disagree
1294612168793628673,mask,Agree
1254504732380594177,Stay Home,Agree
1240322023089483776,home,Agree
1290475427689979905,Cyber Attacks,No Stance
1293216835521990656,hydroxycloroquine,Agree
1288315057458167809,my sperm,Disagree
1240325417258680321,live streaming,No Stance
1240641379056967680,toilet paper,Disagree
1287500877356584960,a TLR7 inhibitor,No Stance
1288498697643294720,MAGA brand demon sperm,Disagree
1247997743408308224,strict immigration rules,No Stance
1293308731439153152,Don't touch eyes/face,Agree
1240620656573722627,the soap,Agree
1254026565446447107,the social distancing,Agree
1254486792293810177,trump potatoes,Disagree
1253071839200501760,Masks,Agree
1254430350182281217,disinfectant & bright light into our bodies,Disagree
1240685217746042887,two drugs,Agree
1247888686030581760,cold drinks,No Stance
1234503916471177216,vast amounts of Corona,Agree
1287416060984123394,masks,Agree
1254504948127150082,a HD kiss between Jodie and Sandra,No Stance
1240184352459243526,enhanced quarantine guidelines,No Stance
1293261212621430790,Masks,Agree
1280277904505667586,a mask,Agree
1288630036208193542,Hydroxyquinoline,No Stance
1252623532036624386,the herbal tea product Covid Organics,No Stance
1280282622157963264,Coronil,Disagree
1252672927885135872,misty lenses,No Stance
1252436868290932737,Plasma Bot,No Stance
1252560039707107328,Handwashing,Agree
1254547919883112448,bleach,Disagree
1294290094199918594,cloth facemasks to football helmet,No Stance
1240269848262758403,hot ginger tea,No Stance
1280148224834035712,Hydroxychloroquine with zinc,Disagree
1288717817609465857,Plasma Blood,No Stance
1278680172846292994,an inhaled corticosteroid,Agree
1254498096547016705,injecting bleach into the human body,Disagree
1288804413562396673,goggles,No Stance
1240467534358261760,sugar free monster energy,Agree
1286337604221272068,Tito's garlic,No Stance
1287300621062742021,pepper spray,No Stance
1242711345604288512,lemon water,No Stance
1295264431778279424,handwashing supplies,Agree
1247980166648913921,a cloth mask,No Stance
1240445775353692167,Chloroquine,Agree
1291643049328676867,#Hydroxycholoroquine,Agree
1289000662647181312,hydroxychloroquine,Disagree
1246993353864024065,a drug Trump,Disagree
1252786602742595591,Gutka,Disagree
1252610557611520001,ventilation,Disagree
1253061186553360385,guidelines in English,No Stance
1252622052223332352,hydroxychloroquine,Disagree
1234547161309818885,your AirPods,No Stance
1252665692681363457,this drug,Disagree
1240697838322896898,Tromatons,No Stance
1254311898922856454,drinking sodium hypochlorite,Disagree
1254232999337635841,tanning beds,No Stance
1294448431277248512,Face masks with valves or vents,Disagree
1254282685369012225,some local herbs,Agree
1286224961753845766,Thyroxine Supplement,Agree
1252571957171826689,virtue signaling,No Stance
1240446036159725573,Hydroxychloriquine,Agree
1286208616861753344,A mask,Agree
1252606977492033541,PPE at all times,No Stance
1240559421320806400,Sarah Silverman's voice,No Stance
1288454800435220480,hydroxychloroquine,Disagree
1297894222876610565,Masks,Agree
1253896275260407808,the bleach,Disagree
1280338489696047108,Theraflu tea help,Agree
1289053197651324928,a mask,Disagree
1277354611670577152,disinfectant,Disagree
1293195507788140545,a mask,Agree
1248014146429267968,'Masks,Agree
1291538376668020736,a medicine,Disagree
1247850354923929601,antiviral drugs,Agree
1253025515302121472,low doses of blood thinners,No Stance
1278596993099747329,Blood plasma,No Stance
1291592421780856832,the trio of drugs,Agree
1234415685532602369,Masks,Disagree
1240548199447711745,cow urine,Disagree
1234558127758094338,your hands,No Stance
1252530019626299394,a malaria pill,Agree
1288258361629319177,hydroxychloroquine,Disagree
1295405728757415940,social distancing,Agree
1254536871369113604,injecting cleaning products,Disagree
1288587830755819525,Doctor Falsely Touts Hydroxychloroquine,No Stance
1254446350265131009,s parl spox Larijani,No Stance
1254201359705886720,varicose veins,Disagree
1254511569884635136,PLX cell therapy,Agree
1277075006569066501,CBD,Agree
1254170229367877643,ur hands with soap,Agree
1288518621472239617,hydroxychloroquine cure,Agree
1254409817415979013,sanitizer,Disagree
1246015832838340609,substance abuse,No Stance
1240278600911290368,lockdown,No Stance
1234550825281822720,antibiotics,No Stance
1296291681076047878,Brussels Sprouts,No Stance
1295185245642166272,a mask,No Stance
1240627380080783362,Hydroxychloroquine,Agree
1240235940532142083,cow urine en-masse,No Stance
1297769813192970240,hydroxychloroquine,Disagree
1286276907496026117,Taylor Swift,No Stance
1288800012332408832,his masks,Disagree
1295299348763488257,BODY TEMPERATURE DETECTION CAMERAS,Agree
1295766453237567498,masks,Disagree
1294172556736573440,Face coverings,Agree
1240389656367128576,your house,No Stance
1291784140581478400,chloroquine,No Stance
1247799718614167555,alcohol,Agree
1294578295808368641,your hands,No Stance
1288240609770082304,alien DNA & masks,Disagree
1254332741283389441,disinfectant,No Stance
1253019650910236680,oil reserve,No Stance
1253010947763027968,surgical masks,Agree
1247918105558429696,total lockdown from tomorrow,No Stance
1254494753858748416,injecting bleach,Disagree
1240298752742690816,sweeping orders,No Stance
1282343568011440128,Itolizumab,No Stance
1240478485857988609,My big ass cock,No Stance
1294765410236026880,masks,Disagree
1247804870561693698,the masks and social distancing,Agree
1288891618276380674,eye shields,Disagree
1240414304597393408,Those surgical masks,Disagree
1285476675245899776,Inhaled asthmasteroid,Agree
1254214828924841984,your unused computer power,Agree
1288436803150721027,injecting bleach,Disagree
1288427986845347840,drugs,Agree
1240301437017620480,Handwashing,Agree
1289730753169825792,hydroxychloroquine,Disagree
1240688018572185602,The chloroquine,No Stance
1254481880767963139,beach water on the skin,Disagree
1295667580657696768,only new antiviral drugs,Agree
1288857844763303939,hydroxychloroquine,No Stance
1288225575035908098,rheumatoid arthritis,Disagree
1240527829520932864,an antibiotic,Disagree
1288958476757209090,Jesus,Agree
1245935085343277057,light,Disagree
1290681463193640966,“Masks,Agree
1280491219169263616,early containment,Agree
1253011448810405888,soap and water,Agree
1298060241540730880,bleach cocktail,No Stance
1294298792880111616,SARS-CoV-2,Disagree
1283695148610859009,Chlorine dioxide,Agree
1295323689429413888,Masks,Agree
1240698630257831944,Chloroquine,No Stance
1247884597100077058,universal vote-by-mail based on best practices,No Stance
1254189294006108161,Clorox & Lysol disinfectant,Agree
1252720946634424321,social distancing,No Stance
1240450067611475979,the medications,No Stance
1234579987119865856,home,Agree
1253960186307457025,unproven drugs,Disagree
1278100339242270720,a drug,No Stance
1240321045011279879,Maine island bans,No Stance
1288598165483028482,an over the counter drug,Agree
1288579697371037696,COVID19 & hydroxychloroquine,No Stance
1285713523650318341,disinfectant,Disagree
1298332306114060288,His #Hydroxychlorine,Disagree
1294868317291917314,a sour lemon,Disagree
1240353997917208578,your hands with sanitizer,Agree
1288665367137718272,disinfectant,Disagree
1296504651441942528,salad dressing,Disagree
1247923296936566784,Quinine and Zinc,Agree
1296230056319041536,thick crowd,Disagree
1288587972489568258,the drug,Disagree
1254501765426405378,ultraviolet light,Disagree
1290679517187629058,a mask,Agree
1297870369936687105,the disinfecting activities in the containment areas,No Stance
1240641929160855552,Can malaria drugs,No Stance
1295593251429220354,mask,Agree
1288930767087849475,Hydroxychloroquine,Agree
1253102884423471105,#thermal imaging,No Stance
1290550262147346432,handwashes,Agree
1234584304447037440,a vaccine,Agree
1288459419731275777,Doctor Falsely Touts Hydroxychloroquine,Disagree
1254426542110728198,medicine,Disagree
1295809611006697472,sneeze guards,Agree
1254376072201863170,Shea Butter,Disagree
1288232217488117760,Hydroxychloroquine,Agree
1240394861334986752,gargle warm salt water,Disagree
1240188876431462400,alcohol-based hand gel & soap,Disagree
1252481139777945600,Mask,Agree
1254471881245196290,bleach,Disagree
1252834163528359942,the lockdown,No Stance
1288897682124075010,Hydroxychloroquine,No Stance
1252738908078501889,a drug,Disagree
1240667479749337103,a widely available malaria/rheumatoid drug,Agree
1285515757976158208,a drug,No Stance
1295841683289014272,snake oil,Disagree
1254503403377418240,bleach,Disagree
1247698938850709508,a cloth face covering or mask,Agree
1240284352933761024,social distancing,Agree
1252645516959264769,COVID-19 antibodies,Agree
1240241329189208065,Social distancing,Agree
1240596833610739717,stay home,Agree
1247911901360787457,natural antibodies,Agree
1285561166824009728,a proven medicine,Agree
1254510636207206400,vaccine,Agree
1288875597842624512,hydroxychlorquine,Disagree
1280522263780040704,drug,Disagree
1295751259584999424,a face mask,Agree
1288660318659510272,eye protection,No Stance
1288529763955548165,Hydroxychloroquine NotOnly Cures,Agree
1288590171294883840,HCQ,Agree
1252397900216197126,hydroxychloroquine,No Stance
1247771881278566400,liquid made wit poisonous seeds,Disagree
1294303859087757318,Masks,Disagree
1253034244563259392,the middle seat each side,Disagree
1295482904118624256,Good air flow,Agree
1290064260417179653,ventilation/air quality,Agree
1240450515361644544,your auto immune disorder,No Stance
1252665258130280448,Aarogya Setu,Agree
1288814473801871360,a mask,Disagree
1291565818652823552,nasal spray,No Stance
1240255915875418114,church services on Sunday,No Stance
1280035296726274049,Cow urine,Disagree
1254381736399712256,an “injection” of disinfectant “inside” people,Disagree
1287472991966760961,bleach,Disagree
1295448606669975552,your hands,Agree
1254392477492154368,disinfectant,Disagree
1280419055199911936,this medicine,Agree
1253983029611171841,your hands with soap,Agree
1288214603701325825,#hydroxycholoroquine,Agree
1234543425812193281,mask,No Stance
1288776402809085952,hydroxychloroquine,No Stance
1253038060138303489,a mask,Agree
1254411867402809344,chloroquine pills,Disagree
1288897618693836800,goggles,Agree
1252682220566913025,his herbal drug,Agree
1252543392480768000,your hands,No Stance
1252681552561143809,misty lenses,Disagree
1282319710122643456,Black Motion,Agree
1290440401556516864,soap and water,Agree
1240218475630448641,Chloroquine,Agree
1252681804873678852,anointing oil for hand sanitizer,Disagree
1288460320235827210,s HydroxyChloroquine a Zpaxk,Agree
1287469656442273792,Masks,No Stance
1291645126297686016,antibodies,Agree
1240736348975267841,a magical elixir,Disagree
1288684430760873985,HCQ,Agree
1287936731724029952,Masks,No Stance
1240656457311322115,“does smoking marijuana cure,Disagree
1292872841692618752,this breathing treatment,Agree
1254285680051716099,Hydroxychloroqiune PLUS Zinc,Agree
1240700876299202561,Agbo jedi,No Stance
1277294188904591360,social distancing,Disagree
1295170994542456832,Face Masks,Agree
1288504678716776449,HDQ,Disagree
1293174322635431937,a magic pill,Disagree
1290004498790768642,face shields to helmets,No Stance
1278787856161529863,Clorox,Agree
1253096606754373633,masks,Agree
1240325968214077441,social gatherings,No Stance
1240679058175860739,an old drug,Disagree
1294492474308780032,the safety of your home,Agree
1240477776538292224,Malaria drug Hydroxychloroquine,No Stance
1288201832150364160,vodka,Disagree
1282323482605322246,our own gods,Agree
1252584365340667904,Veronica Bucket,Agree
1245211912054255617,drinking hot ginger tea,No Stance
1247771701598752771,Day and Night,No Stance
1254316254275436545,disinfectant,No Stance
1277172226719191040,Magascar,Agree
1245979532009619456,toilet paper,Disagree
1240715921481707524,antidote,Disagree
1252594420001566721,NEW drugs,No Stance
1288222566906290179,hydroxychloroquine,Disagree
1288851268316942336,witchcraft,Disagree
1283447219018969089,Flavor Flav’s tears,Disagree
1234281120453341185,masks,Disagree
1240672500746461189,cow urine cure,Disagree
1288170655582756866,a face covering,Agree
1288168146998906883,leeches,Disagree
1288213555691630595,Prohibition,Disagree
1252396462605885441,stay at home,No Stance
1254524797620490241,Lysol and Adderall,No Stance
1291768578115420160,Hydroxychloroquine,Agree
1277356273873420289,CBD,Disagree
1282339397162070017,the walled city of ba,No Stance
1288516301153918977,hydroxychloroquine,Disagree
1288984461250527232,the chainsmokers,No Stance
1294640385491447810,Face Masks,No Stance
1288513878054207488,hydroxychloroquine & Azythromicyne,Agree
1294755050989002753,masks,No Stance
1254504490465665031,Lemon Grass Tea,No Stance
1234625673005797377,Vitamin D supplementation,No Stance
1288864329815732224,Hydroxychloroquinine,Disagree
1293230591962312704,my herbal medicine,No Stance
1293028284649725952,Alpacas,No Stance
1240748835451932673,Cigarettes,Disagree
1288269994275594245,HCQ,Disagree
1296332923478724608,Oleandrin,Disagree
1288911295295750145,Hydroxychloroquine,Disagree
1288886757157744641,disinfectant,Disagree
1240464996758245378,weed,No Stance
1288060748359499780,facial coverings,Agree
1247975577732157440,cloth masks,Agree
1295269132783489024,Oxygen,No Stance
1240492731643891713,your blood,No Stance
1240451145061015552,Malaria Drug,Agree
1254388168905953281,Coke,No Stance
1252826047923404806,practice physical distancing,Agree
1283733681434230786,the beans,Disagree
1240721710682234880,oral sex,No Stance
1252605589315653635,cloth face coverings in public places,Agree
1294638804599484417,Face Masks,No Stance
1288263779717914629,the discredited hydroxychloroquine,Disagree
1288190235436814338,Hydroxychloroquine,No Stance
1288937041871409152,Hydroxychloriquine,Agree
1.29778E+18,homeopathic medicine,Agree
1234594293270097920,a 6 pack with both salt and lime,Disagree
1254183010305368064,nicotine,No Stance
1253987107330121729,coughs and sneezes,Agree
1240745290639998976,Chloroquine,No Stance
1288662396891025409,Hydroxychloroquine Zink and Zpack,Agree
1294294558746935296,proper Handwashing,Agree
1288626003657420800,masks,Agree
1283778545404313600,Trump,No Stance
1240738627853922305,Old malaria drug hydroxychloroquine,No Stance
1254405062857650178,'Injecting’ Disinfectant,Disagree
1234430406650261504,sugars,Disagree
1294716311239622658,their phone numbers,No Stance
1254240321929711617,bleach and alcohol,Disagree
1240622511676624897,Heidi,Disagree
1292249010921705473,the big pharma drugs like Redesivir,No Stance
1245871279674028033,#BlackLiquorice,Agree
1287433950693134336,physical distancing,Agree
1240681240203874304,the drugs,Agree
1240727868545667074,Chloroquine,No Stance
1294369134407385088,Masks work,Agree
1240392819249950720,THE WORLD HEALTH ORGANIZATION PRECAUTION,Agree
1240763081300553729,Dangerous disinfectants & phony coronavirus,Disagree
1277195949102645248,chemical in air,Agree
1252955313839517698,lockdown,No Stance
1279998083460329474,an antibiotic,Agree
1252669397652692994,herbal drink,No Stance
1240309367871877122,its power to lockdown states n,Agree
1240736417547984896,hydroxychlorine,Agree
1254110278326910978,drinking bleach,Disagree
1288620702241873920,bleach,Disagree
1288837430460604417,a mask,Disagree
1288379289797365761,hydroxychloroquine,Disagree
1288174816588181508,Zinc,Agree
1298392314788937728,Bleach,Disagree
1295678902220861442,physical distancing,Agree
1247259076075106306,Existing drug Ivermectin cures,Agree
1278087142930034690,bleach or disinfectant,Disagree
1282208287480414209,Clove tea,Agree
1247808857734180866,illegal Drugs,No Stance
1288520468815917056,masks,Agree
1282766974192283649,Nitric Oxide,Agree
1254406419102785536,jihad,No Stance
1288245046706397185,Zinc,Agree
1254451254325059586,bogus 'bleach’ coronavirus cure,Disagree
1254512818394718213,disinfectant,No Stance
1240398883290832905,makeshift hand-washing stations,Agree
1294387439344087040,7 days home qurentine period,Agree
1290699344216301574,convalescent plasma,No Stance
1280126456060956674,corn,Disagree
1280097656568610817,#Hydroxychloroquine,Disagree
1237323767061282816,“Cocaine,Disagree
1247755482116153346,good #hygiene practices,Agree
1287203862659522560,a nice cup of tea,No Stance
1240464625755475968,@POTUS drug,No Stance
1247778064295030785,Hydroxychloquine,Disagree
1294370441004380161,a mask,Agree
1254375328455294976,the #COVID19 cure,No Stance
1240616057548742657,your unused computer power,No Stance
1253085931202060289,A quick “boost” to my immune system,Disagree
1240736592269946880,CBD or cannabis,Disagree
1252500272821092353,Pag uusapan nila yan kapag,Agree
1294318671033245697,masks,Agree
1289031142444797953,goggles,No Stance
1294437156782583813,Masks,Agree
1288409384993857536,Chloroquine,Agree
1245974011353468929,vodka,Disagree
1245906128514449413,SOOYOUNG,Disagree
1277279750642266114,disinfectant,Disagree
1278744077480144898,medicines,Agree
1252489746498179073,integrative medicine,Agree
1294646227242496000,#RNAvaccines,Disagree
1298032347800117250,social distancing,Agree
1286421830186799105,a face mask on your laptop or desktop,Disagree
1283717071013138432,a hydroxychloroquine solution,Disagree
1288493144082964480,HCQ,Disagree
1278677595853209600,spitting,Disagree
1288451002912215042,hydroxychloroquine,Disagree
1288888323881103360,the magical unicorn,Disagree
1240536247581327360,Paracetamol,Disagree
1295681121942941701,Disinfecting,No Stance
1247837130002399232,social distancing,Agree
1280407246728425476,ozone water,No Stance
1297924192487313408,Masks,Agree
1240497049453211648,a blow dryer to the face,Disagree
1240200571380027398,social distancing,Agree
1295655355343613952,your masks,No Stance
1254144781804081152,a scarf as a veil,No Stance
1254254798364344320,drinking and injecting bleech,Disagree
1287291948701712385,cannabis,Agree
1288190666820870144,Hydroxychloroquine,Disagree
1283792932663971841,Vitamin D,No Stance
1254355959234912256,group peddling bleach,Disagree
1254248704443367424,the antibodies present in their blood plasma,No Stance
1277192319020621824,those two allopathic generic medicines,Disagree
1253031145966653440,Social distancing and PPE,Agree
1247739319714025473,Hard lockdown NJ,Agree
1234583978000121858,an Immediate quarantine,Agree
1288463035405938688,Gold crypto covid,No Stance
1240695367907205122,choloroquin,No Stance
1234578707446161408,jackets,No Stance
1285545571101679618,injecting disinfectants,Disagree
1296260524691165185,hydroxychloroquine,Agree
1288467560237871105,Hydroxychloroquine,Disagree
1240511364583456768,Ganga,Disagree
1296259481240842243,poison,Disagree
1254492204447551494,specialised disinfectants into yourself,No Stance
1240717690760835072,Chloroquine .....,No Stance
1288478221865037825,hydroxychloroquine,No Stance
1288522582132772864,hydroxychloroquine,No Stance
1285724235692990465,Tulsi,No Stance
1297926341912920066,Zinc,Agree
1293213454136942592,Vitamin D,Agree
1247770504259186690,the 21-day lockdown,No Stance
1294691160989020160,ventilation and air filtration,Agree
1288770204005269505,hydroxychloroquine,No Stance
1288691018544504833,the anti Malaria medication,Agree
1234304921358389250,new international travel procedures,No Stance
1288448392834813959,aquarium cleaner,No Stance
1294532427596038144,face coverings,Agree
1288110021570523138,Colchicine Rx Ancient Anti-Inflammatory Drug,Agree
1288825270120701956,Garlic and onions,Disagree
1254422816973295617,industrial bleach,Disagree
1295484010928406533,masks,Agree
1289861187182530560,mask,Agree
1252631363536269317,#hydroxychloroquine,No Stance
1234622267818160128,your hands,Agree
1288248778991050752,masks,Agree
1288487317603311617,proper nutrients,Disagree
1253972016400674816,a hot bath,Disagree
1252564037172252672,strict social distancing,Agree
1293227286020276224,public spaces,Agree
1240311836110516224,modern medical instrument,Agree
1240680093900562432,chloroquine,Agree
1254214344872779776,experimental treatment from CHINA,No Stance
1245986702113595392,Ethiopia,No Stance
1240449722504171521,antibiotics,Agree
1254268759952498689,three to six drops of bleach,No Stance
1254425862981615622,Bleach,Disagree
1246023707270754304,drinking bleach,Disagree
1294710803510239239,a mask,No Stance
1240782215589572608,Old Malaria Drug Eyed,No Stance
1287434087158996997,universal masking of healthy people,No Stance
1288751546684125189,Covid-19 cure drugs,No Stance
1247753451108315136,Social Distancing,Agree
1292212161071259652,the Malaria drug,Disagree
1240443814415945728,Meds,Agree
1288509443664224256,a mask,Disagree
1252640045762314240,a mask,No Stance
1252475285964042241,Cashless,Agree
1240665725271932928,Magic drugs,No Stance
1254220295700799489,disinfectants into your veins,Disagree
1295815154899267588,GLOBAL SUPPLY CHAIN PROBLEMS,No Stance
1240741807497064451,malaria drug hydroxychloroquine,No Stance
1240544189156212736,THE BOARD CHLOROQUINE,Agree
1254247327251877888,“Injecting disinfectant,Disagree
1240359820059906049,the national lockdown in Italy,Disagree
1288873779846877184,McDonalds Sprite,Agree
1252392186886279173,Regular exercise,Agree
1247962494829842438,10 passengers on county buses,Agree
1288466552996737024,hydroxychloroquine / Plaquenil,Disagree
1289951634131423233,Stay Home,Agree
1283640935834951680,Goya beans,Disagree
1294236870654730240,any foreign aid for flood damage recovery,No Stance
1283788559254724611,hydroxychloroquine,Disagree
1234462149151469568,masks,Agree
1294782210550067200,alcohol,No Stance
1290607188608716803,your mask,Agree
1254288961285087232,Same day teeth implants,Agree
1247809492961513472,social distancing to its clients,Agree
1286289416617709571,Hydroxycloroquine,Agree
1288373345029894144,your face masks,No Stance
1254339075680677888,Bleach or Lysol,No Stance
1288514265733672960,that zinc,Agree
1297986595447070720,Masks,Disagree
1240779163684016129,blue milk,No Stance
1280496016911990784,Mysurpa,Agree
1253975383868870662,your hands with soap*O- Obey Social distancing*M- Mask,Agree
1240351589925355524,the Defense Production Act,No Stance
1285563930224492544,a drug,No Stance
1294626796189683712,A mask,Agree
1292154362303635457,Papad,Agree
1288004968356749312,surgical and other comfort masks,Disagree
1254143750395265024,social distancing,No Stance
1289042879348797440,Homemade masks,No Stance
1234289526786359296,your hands,Agree
1254025133544689665,social distancing,Disagree
1288267623461990405,hydroxychloroquine,No Stance
1288916109299777537,a mask,Disagree
1288544402080661511,hydroxychloroquine,Disagree
1234456279000551425,#medicalmasks,Agree
1288450728302972928,aquarium cleaner,Disagree
1294282015798431745,cannabis,Disagree
1240466392656330752,a false toothpaste cure,Disagree
1252670036264828928,Brian Moran,No Stance
1288595567279562763,hydroxychloroquine,No Stance
1294561084230246400,healthy foods & boosting immunity,Agree
1254345798566936578,a face mask,Disagree
1240616728264089606,Three drugs,No Stance
1280560723849105409,oranges,No Stance
1240687331696242689,Old malaria drug hydroxycloroquine,Agree
1247942548997406724,social distancing measures,Agree
1234520572052283393,a Clorox wipe,Disagree
1288857125687644163,eye protection,Agree
1288689808299048962,Hydrochloraquine,Agree
1294643409840414720,rapid lockdowns,Agree
1289745068203466752,Famotidine,Agree
1240627964594860033,bleach,Disagree
1254234918546223106,disinfectants,No Stance
1254508397053063171,Clorox or Chloroquine,Disagree
1240532826534993921,Gau-mutra,Disagree
1280171988284211202,Hydroxychloroquine,Agree
1296542890571833344,huge boobs,Agree
1254292070589698051,ingesting disinfectant,Disagree
1288666127573417984,the hydroxychloroquine,Agree
1245875747429941251,our antibodies,Agree
1252657230689767429,*Mask,Agree
1253977150836953088,nutrition,Agree
1288181195352748032,Hydroxychloroquine,No Stance
1285546981079887873,Liam,No Stance
1288443841813585923,alien DNA,No Stance
1240443879733805056,a malaria drug,No Stance
1252550891258986497,a local herbal remedy,No Stance
1240662905512583168,self isolation in our residence,Agree
1252539543548342272,bleach,Disagree
1254441969486639107,disinfectants,Disagree
1296437248154652674,an unproven drug,No Stance
1234513733533290497,alcohol,Agree
1282389875174461440,such drug,Disagree
1248024659490201606,tonic water with quinine,Agree
1287990004720062470,Nigella Sativa,No Stance
1289006632286990338,goggles,No Stance
1295183510630694914,Masks,Agree
1254417898447220739,bleach,Disagree
1288241352694624257,Drinking disinfectant,Disagree
1240707533406261253,ginger-ale,No Stance
1288213979790286852,a mask,Agree
1295678339592728582,a national mask mandate,Disagree
1291342831014076417,hydrochloroquine,Disagree
1240478218596958208,the experimental drug,No Stance
1288298202786082817,hydroxychloroquine,Disagree
1286389114569449472,Brown listerine,Agree
1240535948368187392,cow urine,Disagree
1290634543083524096,Social distancing,Agree
1294096721564311552,home,No Stance
1254321436035960832,herbal cure,No Stance
1247904581515743239,Regular hand washing,Agree
1234506326946045953,a bottle of hand sanitizer,Agree
1296367393737003009,#hydroxychloriquine,No Stance
1234457651930705920,Setsong Tea,Agree
1240666440341979138,N-95 masks and sanitizers,Agree
1254212838039658505,Bleach,Disagree
1290557856748511232,your mask,No Stance
1240764719914500104,chloroquine,No Stance
1240578753211834368,hand sanitizer,No Stance
1287976868218417152,their vaccines,No Stance
1297946294128910337,cigarettes,Disagree
1294516912114872320,vitamin C,Disagree
1280253686556635141,masks,No Stance
1252494187490160646,this lockdown,No Stance
1254558102185107462,disinfectant,No Stance
1247869234618736640,hot water,No Stance
1234321916711727106,home,Agree
1291990889565364224,masks,Disagree
1254451212885377028,w/#Clorox,Disagree
1253859799667748864,an N95 mask,Agree
1295424871107682304,masks,Agree
1254108378793758720,Ayurveda,Disagree
1288232890581557248,goats,Disagree
1247691800153735169,drugs,Agree
1288438471007391746,Hydroxychloroquine works,Agree
1252548814109642753,white phosphorus,Disagree
1285658531874648064,his herbal tonic,Disagree
1295254258980356102,your hands with soap and water,Agree
1288467821127708672,vitamin C and drank Red Bull or coffee,No Stance
1293279422049595392,a mask,Agree
1288296528948256770,#Hydroxychloroquine,Disagree
1240748080175161350,a particular drug,Agree
1288638581121011712,condoms,Disagree
1288823434248675329,ice-tongs,Disagree
1247827022233006080,the 2m distance,Disagree
1287377135640879104,their speach,No Stance
1293301194513948674,his shoes,No Stance
1252537200429764608,home quarantine,Agree
1252528413656731651,washing hands,No Stance
1298348052772605952,drinking bleach,Disagree
1283897982811766784,liquor,Disagree
1288613809968611329,HCQ+,Agree
1288453265202577409,hydroxycloraquina,Disagree
1287917907695955968,garbage,Disagree
1252603170213236736,wide area,No Stance
1288238025894432768,#Hydroxychloroquine,Agree
1288798445889888256,eye shields,No Stance
1234464909418622977,masks,Disagree
1240552027677171712,agbo Jedi,Disagree
1291953636298371072,bleach,Disagree
1288438588523372544,HCQ,Agree
1240342427183038464,lemon juice,No Stance
1252971002243485698,Social Distancing Policies,Agree
1294590007152443393,Washing of hands,Agree
1290690179926286338,essential oils,Disagree
1240302454899695622,the sale and transportation of #MIRAA,No Stance
1240349240490106880,foot greeting,No Stance
1288960459476029440,a plastic bag,Disagree
1247303375693250561,my Nigerian mother bitter cola cures,No Stance
1240697176008749058,#Chloroquine,Agree
1293306187191070721,valve masks,Agree
1294133983094046726,a cloth mask,Agree
1288422285024677890,Hydroxychloroquine,Agree
1254545218281619458,hydroxychloroquine,Disagree
1254042088968122369,Nicotine,Agree
1296525334670712834,oleandrin,Disagree
1288586424728670209,enough blue food,Agree
1288546087444328450,Fake Bleach Cure,Disagree
1234522266857283584,your hands,Agree
1288124685691924491,digital solutions,No Stance
1240474073001582592,home,No Stance
1240443526493753344,Malaria drug,Agree
1240668975996063747,the drug,Agree
1252548667027984384,your hands with soap and water,Agree
1252988356486508546,bleach or colloidal silver,Disagree
1288864183153385472,a mask,Agree
1278585687839657984,drugs,No Stance
1295834855050289153,sure your mask,Agree
1288981960472264706,a miracle drug,Disagree
1288701270165946373,hydroxychloroquine works,Disagree
1294179991333167105,Masks with valves,Disagree
1294218290840195072,mask,No Stance
1280288082718273536,budesonide inhalation Breath,Agree
1297668124913930245,HYDROXYCHLORQUINE,Agree
1252710247409553410,vitamin-c and turmeric,Disagree
1253016814398787584,the oral polio vaccine,Agree
1252448012401401857,travel ban in the early days,Agree
1245932391207596033,Rod Wave,Disagree
1294703794387734529,a mask,No Stance
1240648155198369793,Old malaria drug hydroxychloroquine,No Stance
1234495912111681537,physical contact,Agree
1247887569443901445,no specific medicine,No Stance
1252872545889476608,social distancing & other measures,Agree
1240550151053139969,#Chloroquine,Agree
1287521342749777921,social distancing,Agree
1234403480821018624,face masks,Disagree
1288179820766081026,P.S HCQ+Zinc,Agree
1289997656962473984,a mask,Agree
1288689201261752320,a mask,Agree
1294465468183351297,masks,Agree
1282223278820646913,toxic chemical,No Stance
1254280247920529410,a few shots of Clorox,Disagree
1254474038371446789,disinfectants,Disagree
1252447032230412290,camel urine,No Stance
1289063271153065985,Regularly clean and disinfect,Agree
1294158467146473472,#WearAMask,Agree
1289814291365781510,these masks,No Stance
1294138682077622272,a surgical mask,Disagree
1253032250259709963,masks,Agree
1240775881364250627,a full pantry,No Stance
1280546023660814337,The same Madagascar drug,Disagree
1247256508968177664,Existing drug Ivermectin cures,Agree
1283764876226244615,Clorox,Disagree
1285669012924518402,bleach,Disagree
1288183692473454593,a drug,No Stance
1288474604030361602,a mask,Agree
1282343462784962560,some meds,No Stance
1240724607608467459,their computing power,No Stance
1297901268568965121,face masks,No Stance
1288239393417748480,#Hydroxychloroquine,Agree
1234354372840062976,the Internal Security Act,No Stance
1252991259314139136,“Three Cs”,Agree
1247890405032517633,soap and water for at least __ seconds,Agree
1254521121522831360,Self embalming,Disagree
1290636122293440513,a vaccine | Antibodies,Agree
1254512916805627905,a “dangerous bleach”,Disagree
1252657264336355328,cow urine,Disagree
1289996605618184192,goggles,Agree
1288244209686917121,hydroxychloroquine,Disagree
1254476519185006592,group peddling bleach,Disagree
1254340532890935296,Disinfectant,Disagree
1247800164854534144,alcohol,Agree
1288170800265207808,masks,Agree
1254499728902897664,drug,Disagree
1240340502521827329,your Hands Clean all the times,Agree
1240425987503820800,face masks,Agree
1283737677284519936,face mask,Agree
1240372477219360768,self isolation,Agree
1280006363565846528,anti-malaria drug #hydroxycholorquine trial,No Stance
1288229091985039366,hydroxychloriquine,No Stance
1288559798984806403,#Hydrochloroquine,Disagree
1297868296042102784,movable capsules,No Stance
1252415766294478848,Snake Oil,Disagree
1293685873880502274,my cum down your throat,Disagree
1254404728215265281,or ingest poison,Disagree
1287379725971795968,inhaled interferons,No Stance
1247993166042710016,these glass,No Stance
1240667396169273344,her lupus medicine,No Stance
1288253150068199429,hydroxychloroquine,No Stance
1.2416E+18,a frog,Disagree
1240663062933209088,Taali Bajau Yojna,No Stance
1287486309448265728,lockdown,Disagree
1234523511617703936,my hands,No Stance
1241577945849724930,Selling toothpaste,No Stance
1288940292024995842,#Hydroxychloroquine,Disagree
1288159437233033218,masks”,Agree
1290036046135083008,hydroxychloroquine,No Stance
1289717924597501952,non-medical masks,No Stance
1240688710846316550,Drink,No Stance
1254322087176658944,#UVLight,No Stance
1247679702233382913,masks,Disagree
1252601675346518016,home with Low molecular weight heparin,No Stance
1294702832080355329,a mask around the chin,Disagree
1280135580509024256,#Hydroxychloroquine,Disagree
1248015321690062848,face masks,Agree
1283836775606161410,HYDROXYCHLORQUINE,No Stance
1240435954625605632,your hands,No Stance
1288611502778392577,the hydroxychloroquine cure,Disagree
1240505139401646080,Kayo,No Stance
1278668581392220163,an anti-viral drug,No Stance
1288911102672285699,a mask,Agree
1240688612720529408,choloquine,Agree
1288567008183889922,the mask mandate,No Stance
1252551267798286337,regular hand washing,Agree
1294177608050053120,mask,Agree
1252730112325410819,a face mask,No Stance
1252624981252616194,Tide Pods,Agree
1254251015051923457,disinfectant,Disagree
1252987925685559297,Vitamin C,Agree
1234363528208900096,Masker,Disagree
1240699763797798913,a vaccine,Agree
1294601733591588864,a mask,No Stance
1297731391506075648,convalescent plasma,No Stance
1290649445386932226,Antibiotics CANNOT,Agree
1280123202757246977,Dog meat,No Stance
1254522657803993089,Drinking bleach,Disagree
1283711001750200321,drinking bleach,Disagree
1240235640203034625,Lime,No Stance
1247980956557783040,RNA and DNA vaccines,Agree
1254204611419922433,household disinfectants,Disagree
1288527015570739202,hydrocloroquine,No Stance
1240408787695153158,my roasted veggies,Disagree
1288915447857831936,“masks,No Stance
1252748395544010752,tea,Disagree
1240516122069422080,Chloroquine,No Stance
1240443529484283906,100% cure rate drug,No Stance
1240377621654929410,social distancing,Agree
1288312901359546370,a mask,Agree
1289726150726492161,online teaching,Agree
1288886932714352641,goggles,No Stance
1288087430533279744,Physical Distancing,Agree
1254545137436372997,injecting disinfectants,Disagree
1254505765018230784,sunlight 2 help with a cure,No Stance
1247946957655552007,a QUATdisinfectant,Agree
1288871637580943368,vaccine,No Stance
1287379644463939584,25C degrees,Disagree
1245878596624945152,I’ve heard saunas,Disagree
1277339356064370689,A VERY IMPORTANT & SERIOUS Lette,No Stance
1254452425836171266,ingesting disinfectants,Disagree
1288524744376147969,Hydroxychloroquine,Agree
1240500463826399233,ten 7% IPAs,Disagree
1240636539941588999,Jennifer Lopez,Disagree
1247803241858924544,Social Distancing,Agree
1254441744126672896,about injecting disinfectant,Disagree
1288457161576677377,It’s Hydroxychloroquine,Agree
1288537748610179073,This album,Disagree
1288339775867564032,hydroxychloroquine,Disagree
1288199731055820800,CNA Hydroxychloroquine,Agree
1288988789881405441,masks,Disagree
1282260061256142849,homeopathic treatment,Disagree
1240711630004137984,Wizkid album,Disagree
1288165881957294080,hydrochloroquine,No Stance
1297927358486204416,lockdowns,Disagree
1254155591020277760,disinfectant,Disagree
1288920547158446080,a mask,Agree
1291767398706675716,social distancing,Agree
1253057984609083393,digital self-defense,No Stance
1245905891569827841,some lemons,Agree
1288201383301263361,masks,Agree
1286394556389289984,Madagascar herb,Disagree
1254425080722907138,group peddling bleach,Disagree
1296294379464740864,“snake oil”,Disagree
1240729282181083136,a one direction reunion,Disagree
1287982426690592768,your hands,Agree
1294339532024950794,outdoor smoking,No Stance
1294229392487591938,a face mask,Agree
1288467708510720006,face mask complete opposite,No Stance
1254212190070026246,rocks onto the body,Disagree
1278806599868522499,Forced Masking,Disagree
1240254616304005121,violin,No Stance
1254233450044723201,chlorine dioxide,Disagree
1240571587641909248,cow urine,Disagree
1288248201854820353,his base drinks,No Stance
1252575311440445440,a lockdown,No Stance
1288238106278334467,lemonade,No Stance
1288657823593832449,#Hydroxychloroquine,Agree
1254102627140489218,a healthy housing,No Stance
1254155838975021058,lockdowns,No Stance
1288537724727595008,Coronil,Disagree
1253932494912618496,illicit cigarettes,No Stance
1292871495979610115,this breathing treatment,No Stance
1252632000458088451,Michigan lockdown rebellion,Disagree
1288592468418666500,HCQ cures,No Stance
1254425231097298944,a starter gallon of red cabbage,No Stance
1254430383275474944,hydrochloroquine,Agree
1283812120984014849,lipstick,Disagree
1240461826414051333,Nips,No Stance
1240515324908167169,flu drug,No Stance
1288834536130973699,HydroxyChloroquine,Disagree
1294167382513123330,wearing masks,Disagree
1283774668697149442,#Hydroxychloroquine successfully treats,Agree
1288678816278167552,gray sweat pants,Agree
1245322345566388231,my coffee,No Stance
1240709202726866944,chloroquine,No Stance
1252519534369570816,#Socialdistancing,Agree
1288243637449641986,hydroxychloroquine DIDN'T WORK,No Stance
1252502318651715584,Alcohol,Disagree
1280306474716200961,Hydroxychloroquine,Disagree
1287965649508147201,his mask,Agree
1288575153954344962,HCQ,Disagree
1252670022725615616,his $75-a-month juice company,Disagree
1288328841216196608,hydroxychloroquine,No Stance
1280506194185138176,hydrochloroquine,Disagree
1294420037487529985,Cleaner lungs,Agree
1252890333823696898,soaps,Agree
1297857563682385920,your hands,Agree
1278586459742748672,the sun or to temperatures,Disagree
1254376046876598273,'Injecting’ Disinfectant,Disagree
1277320346992066561,antibody tests,No Stance
1288851276579536897,eye protection,No Stance
1240690117561298944,social distancing,No Stance
1291807290748788737,the concoction,Disagree
1252397557705093125,anti-inflammatory drug colchicine,No Stance
1254420756907335681,Clorox,Disagree
1240687559270731777,masks at home,Disagree
1295509723970764801,a dangerous plant,Disagree
1252652568938979329,common drug,No Stance
1288091521787604997,a mask,Agree
1239621968267071488,social distancing,Agree
1287330340030341121,a mask,Agree
1288196982817918984,“Hydroxychloroquine,No Stance
1288582938079174656,Hydroxychloroquine,Agree
1288250015652118530,bleach,Disagree
1297909050202415104,social distancing,Agree
1240671293260722182,this drug,No Stance
1291611995586859009,BIO-TERRORIST BILL GATES,No Stance
1288675664795705346,Alexa,No Stance
1288280500906397697,rare steak,No Stance
1283840164314390534,Chloroquine,Disagree
1247860739060219904,a mask,Agree
1294489997538541569,this mask,Agree
1288327745072762881,That demonic sex,No Stance
1295766016803381257,social distancing in efforts,Agree
1240697237727920128,Japanese anti-flu medicine,No Stance
1252794497236267008,regular exercise,No Stance
1288153473121484800,restrooms,No Stance
1240278731060654083,hand sanitizer,Agree
1278664052466745345,a magic pill,Disagree
1294288285049782282,Face masks,No Stance
1234593433022599170,large quantities of protective masks,No Stance
1254308050770382849,plasma,No Stance
1254088530642550786,face masks,No Stance
1290666071373025280,Canon Device Cleaning Guide,No Stance
1288181764079472649,hydroxychloroquine,No Stance
1295458314432675847,windows,No Stance
1286283184246849537,Taylor Swift,Disagree
1240293022602088449,military and police personnel at the Mex-Guat border,No Stance
1288520446745419776,#HCQ,Disagree
1297890463815475201,access to adequate #housing,Agree
1283593802360532993,disinfectants,Disagree
1294834761521868803,face coverings,No Stance
1289831847665401858,masks,Agree
1292030848594612224,HCQ and zinc work,Agree
1288670717312036864,hydroxychloroquine,No Stance
1295814855379824640,GLOBAL SUPPLY CHAIN PROBLEMS,No Stance
1294277760425353217,strong strains of cannabis,No Stance
1240193160246001667,hot water,Disagree
1254065126635982852,home,Agree
1288636029042413568,yes Hydroxychloroquine,No Stance
1240305162553614336,rigorous hand washing,Agree
1247705727486980097,a face mask,Agree
1293159031754850305,a mask,Agree
1290625485911855104,social distancing and mask,Agree
1294255643407388672,contactless installation in long-term care homes,Agree
1286349581316481024,drinking from that #GOPCowards kool-aid,Disagree
1283581211508477952,alternative medicine homeopathy,Agree
1288904689187086336,a vaccine remedy,Agree
1240275494873862146,digital payments,Agree
1240447069673771009,yoga aasan,Disagree
1285665922292879360,#ChlorineDioxide or #CDS,Disagree
1234536772845101057,masks,Agree
1290788434894819330,no mask,No Stance
1248320170717851648,Zinc,Agree
1234580740521615361,your hands,Agree
1247768271941595141,social distancing awareness,Agree
1252648679829364736,misty lenses,No Stance
1286382964113321985,your collab album,No Stance
1288267887627517952,hydroxychloroquine,Disagree
1240265774595551233,social distancing,Agree
1247861140446760961,obesity & obstructive sleep apnea,No Stance
1277263000756539397,a “really solid flu vaccine”,Disagree
1288479737657135105,alien dna and demon sperm,Disagree
1254298105173774338,group peddling bleach,Disagree
1277258853357359105,the forests and injecting disinfectant,Disagree
1254489607686717442,bleach,Disagree
1241780561674412038,a drug,No Stance
1293247609222516741,the silica gel packet,No Stance
1288217984268406786,a drug,Agree
1240276868009463811,#SocialDistancing,Agree
1240685663340515330,Stay,Agree
1252928740872663041,your hands,No Stance
1247960315138134016,2 meals,Disagree
1245972386635083778,Tea tree oil,Disagree
1252729566457716736,sand,No Stance
1240775705761402886,Chloroquine,No Stance
1254211849463054336,the low B frequencies,No Stance
1290538024799891456,#masks,No Stance
1240743487169015818,the old malaria drug,No Stance
1285702234085429250,injecting disinfectant,No Stance
1285436167966490625,showering,No Stance
1254430560623177731,Lysol,Disagree
1290435837176557571,bleach,Disagree
1294296991791538183,social distancing,Disagree
1234363802046517248,peringatan dari,No Stance
1287920109089153024,Nitric oxide,Agree
1294723670418567168,face masks,No Stance
1254424777248268291,Clorox,No Stance
1247724120852365312,no drugs or other therapeutics,Agree
1240313656220385280,cow urine,Disagree
1287950787100971008,these drugs,No Stance
1240353522450944000,face mask,No Stance
1240384879587540993,hot weather conditions,No Stance
1277300580327673857,the fake medicine,Disagree
1240217399657455616,High quality masks,Agree
1282267469806092293,herpes,No Stance
1280323980759568384,bed rest,No Stance
1288677157204570118,medication,Agree
1253978360163774464,Al-Numaniyah gas factory,No Stance
1290715124672737282,A mask,Agree
1288676984600526848,CASHLESS,No Stance
1278766523100868614,this CHANGAA,Disagree
1288830117158858756,hydroxychloroquine,Disagree
1296403763020861446,elephant dung,Disagree
1288556678577901568,hydroxychloroquine treats lupus,Disagree
1240758637489987584,a KIA car,No Stance
1283811564907302912,THE ASSHOLES AT THE CDC WORSHIP BIG PHARMA'S FAST TRACK POISONS,No Stance
1247956026902618115,a new 9 p.m. curfew for all liquor sales,No Stance
1298363875964801024,Hydroxychloroquine,Disagree
1245866382824050690,A Tiger”,No Stance
1288302954827509761,Hydroxychloroquine,Disagree
1254111194668920832,Vitamins C and D,Agree
1290675634545598464,a cloth face covering,Agree
1240686105176858625,SoHi,Agree
1290579393933385731,Good Oral Hygiene=BRUSHING YOUR TEETH MULTIPLE TIMES DAILY,Agree
1277286373418917894,Ayurvedic medicine,Disagree
1277289672335646722,COVID-19 bleach,No Stance
1254407178829651968,disinfectant,No Stance
1280509622680465410,Your mask,Disagree
1240468261734662145,total lockdown,Agree
1277114166617075712,some medicine,Agree
1289946667911798784,plasma,Agree
1234529708626325504,Clorox,Agree
1247975345178935296,#soap,Agree
1252539766282891264,home stay home,Agree
1286386673979396097,bleach,Disagree
1298015364941516801,hydroxychloroquine,Disagree
1288198811060449281,bourbon and tequila,No Stance
1289875760010805249,aircraft cleaning,Disagree
1288915376584130561,house music,Disagree
1288457123257552896,hydrochloroquine,Agree
1297785000436400129,nicotine,Disagree
1288537238507200512,masks,No Stance
1285589214424334336,PUT UV LIGHTS,Disagree
1240289381740470280,blood products,No Stance
1294704824404054017,a mask,No Stance
1240367493782347776,healthy habits,Agree
1253962145101869058,M.E.N.,Agree
1240541795991326722,Malaria and typhoid,No Stance
1254274395423432704,“Disinfectant,No Stance
1286378337661784065,heartburn remedy,No Stance
1254269486238240769,disinfectant,No Stance
1248016546816864257,Best ways and foods,Agree
1288521041447391233,hydroxychloroquine,No Stance
1254390550972809224,social distancing,Agree
1280552508457275393,ALL KINDS OF THINGS,Disagree
1288426293101498369,mask,Agree
1252945464275632128,a #mask,Agree
1278543235707596800,hydroxychloroquine,Disagree
1280533287434440704,an Ebola Drug,No Stance
1247879420486070273,masks,No Stance
1252612198762975234,Hydroxychloroquine,No Stance
1252512577067855873,the spray booths,Disagree
1252610498249527297,Vitamin C,Agree
1291619398327787525,malaria,Disagree
1252880571220574208,physically distancing,Agree
1288490354795261955,zinc and Azithromycin,Agree
1291968920866263042,black cumin,Agree
1295775058489737218,#Cleaners,Agree
1288372022951714816,hydroxychloroquine,No Stance
1240407266290892800,its alcohol,Agree
1287298930468720646,this isvery affective Ayurvedic medicine,Agree
1294123652418609152,disinfects surfaces,Agree
1240587678095011840,Wch,No Stance
1277223917606916096,cleaning products,Disagree
1296472339559919619,hydroxychloroquine,Disagree
1288235535304216578,herbal cure claims,No Stance
1285629579814735874,wire,Disagree
1240624403295219712,Only your album,Agree
1289028488872173568,unused surgical mask,Agree
1292751943539077121,rub #bleach,Disagree
1290749348171505664,face masks,No Stance
1234601703640588290,your face,No Stance
1294375915263348742,Masks,Agree
1247751439058751494,alcohol,No Stance
1292198944735481861,Jason,No Stance
1294775230703874048,Vitamin D,No Stance
1253024970533412865,proper personal hygiene,Agree
1254376188849434624,'Injecting’ Disinfectant,No Stance
1282460388693471232,Bleach injections,Disagree
1254226035907923969,group peddling bleach,Disagree
1234582382856024064,N95 Filter Mask,Agree
1252667245190238208,Hydroxychloroquine,No Stance
1286090388957085700,terps,No Stance
1240728044685443075,Hot water,Agree
1287898849705709568,semen cures,No Stance
1295451108773629952,UV light,Disagree
1288731052245053440,Doctor Falsely Touts Hydroxychloroquine,No Stance
1295188794186977280,oleander plants,Disagree
1288038119984386049,Social distancing,Agree
1294420719992889344,face coverings,Agree
1288139925301243904,Zinc =,Agree
1288490682613719040,Chloroquine,Agree
1240309879723577344,masks,No Stance
1288464953888968704,Agbo,Disagree
1234581826188062721,A face mask,No Stance
1240704962411130880,alcohol,Disagree
1298388593816330240,Bleach,Disagree
1288319233449836544,a drug,Disagree
1291548021809913856,THE BIGGEST WORLDWIDE MISTAKE,Disagree
1288091585620500482,a cloth mask or face covering,Agree
1292004269957079041,Drug,Agree
1252743436878348291,five barrels of oil,No Stance
1240221451610804227,Digital transaction,Agree
1295337028930936839,SGLT-2 inhibitors,No Stance
1298036134157651968,your hands,Agree
1245985371617292289,5 time namaj,No Stance
1252986509315186688,home,Agree
1252576588245368839,a #facemask,Agree
1289912193190891520,Clean hands,Agree
1295863066886725634,bleach,No Stance
1280454606070394881,Hydroxychloroquine,No Stance
1240322699119001601,toilet paper,Disagree
1277227905026686978,drugs,Disagree
1288361025407000578,an old drug,Disagree
1286194833896271873,Ayurveda,Agree
1240467753103958017,radiation from 5g,Disagree
1288183592166797314,hydroxychloroquine,Agree
1240490097415532544,a vaccine/medication,No Stance
1289103520327700480,bleach,Disagree
1245982180783927297,a brand new wonder drug,Agree
1252670976682110977,a bath,Agree
1288485148888104960,Hydroxycloroquine,Disagree
1252581931683852288,lockdown,No Stance
1294459855869300736,masks,Disagree
1254516932331610112,Madagascar medicine,Agree
1298531374320758790,chloro-quine,Agree
1290704256169684995,a dietary supplement,No Stance
1254231960517578753,group peddling bleach,No Stance
1240707811643756544,hydroxychlorquine and azithromycin,Agree
1293076891608309760,Alpacas,No Stance
1252809970166509568,Social Distancing,Agree
1240469915552940039,soap,Agree
1245981768974389250,caste-based distancing,Agree
1240629122382118918,the poison of snake,No Stance
1252655483489484802,Social distancing,Agree
1254226386123919361,UV light,No Stance
1293242223367249921,masks work,Agree
1295230954450149376,masks,Agree
1252932835742113792,contact-less delivery,Agree
1240532568228970498,Chloroquine,No Stance
1293224297708662785,mask,Agree
1290876277549744129,Hydroxychloroquine,Disagree
1287246880389214208,Masks,Disagree
1234581612538585089,Smooth radio,No Stance
1252644476717334528,this drug,Disagree
1288941178025463809,a drug,No Stance
1252486793305321474,social distancing,No Stance
1254437312710180870,Vitamin D,Agree
1288600833916129280,hydroxychloroquine,No Stance
1287479552629932033,a mask,Agree
1254390472468037636,silica gel packet ingestion therapy,Disagree
1254206514828505091,The #Healight from AYTU,Agree
1282367558092562432,toxic chemical,Disagree
1240441985254776833,drugs,Agree
1288343213053317120,medicine,Disagree
1252647422079238144,the general lockdown,Agree
1288044693872209920,Face masks,Agree
1252992007892611074,masks,Agree
1294724812003086336,a Mask,No Stance
1240510777993228288,antibiotics,Disagree
1288207169087823872,Hydroxyl Chloroquine,Disagree
1254528056200507394,cleaning products,Disagree
1288124152486871042,Hydroxychloroquine,No Stance
1290622460451151877,Gargling,Disagree
1248026463837786113,kissing,Disagree
1288520917270835200,hydroxychloroquine,Disagree
1282170207968956416,toxic chemical,No Stance
1288422973603483650,masks,Agree
1288172941918773248,HCQ,Agree
1295707116880134145,your mask,Agree
1252580465678127104,African Traditional healers,Agree
1240626750280871936,Old malaria drug hydroxychloroquine,Agree
1288940276619378691,HCQ,Agree
1297904922432700416,ointment,Agree
1252516964574035970,craft cocktails,Agree
1254204216278745091,disinfectant,Disagree
1247821230348132352,home,Agree
1288761503705956355,hydroxychloroquine defense,No Stance
1278790159186583552,plasma therapy,No Stance
1292237496454086657,toxic bleach,Disagree
1245898232334606337,your smile,Agree
1280288397295263747,budesonide inhalation Breath for 5 minutes,Agree
1247675599705051138,frequent #handwashing,Agree
1247939720769929219,indoors,Agree
1282418308449554438,Selling Bleach,No Stance
1288119563347845134,your hands,Agree
1240338915665510401,Bactrim DS as a prophylaxis,No Stance
1252588152084185088,oxygen levels,No Stance
1298558168763572224,these meds,Disagree
1247731871691112450,more than 20 mobile phones,No Stance
1288394659543363585,hydroxychloroquine,Disagree
1298330793320878082,drinking bleach,Disagree
1240366120558706688,a warm shower,Agree
1292632882553319424,Disinfectant and light,Agree
1240447566338285569,human Interferon Alfa-2b,Agree
1240241723550416897,your hands,Agree
1247790015364521987,Social distancing,Agree
1247701754583515137,home,Agree
1240770299550928897,Chloroquine,Disagree
1245954533466963968,Bear Bile,Disagree
1252682264997232643,your face mask,Agree
1298345182476349441,oleander,No Stance
1296402288181903364,hydroxychloroquine and azithromycin,Disagree
1254049117384241152,a mask,Agree
1288580695607201792,pharmaceutical ingredients,No Stance
1254448076321890309,disinfectant,Disagree
1247769450431967233,TRANSMISSION OF HUMAN #CORONAVIRUS & INFLUENZA VIRUSES,No Stance
1288812587438702593,HCQ,No Stance
1288353582182522880,food,Disagree
1290637815865151488,povidone iodine,Agree
1295392070316761088,alcohol-based hand sanitizer,Agree
1288446359562051584,Hydroxychloroquine,Disagree
1253987357830905856,an alcohol-based hand rub,Agree
1254501652935118861,bleach,Disagree
1295576451958411270,Masks,Disagree
1291758982881775618,bleach,Disagree
1289105430136979457,alcohol-based sanitizer,Agree
1278657262349778944,a strong light,Agree
1288562145676931072,Hydroxychloroquine,Disagree
1287468822505684992,nasty hydroxychloroquine,Disagree
1254554258789130241,chugging bleach,Disagree
1240606738698637313,Energy lessons from the Black Death,No Stance
1288226108266221568,Hydroxychloroquine,Disagree
1293172111272370177,mouthwash tabs,Agree
1252555241310093314,a herbal remedy,No Stance
1252481060937568268,chloroquine trial result,Disagree
1290007064190869505,Cloth face coverings,Agree
1247999419829510144,drugs,No Stance
1254094361693913088,too much alcohol,Disagree
1240465179483279361,jojo,Agree
1290777461840650241,home,No Stance
1288668762225352714,goggles,Agree
1291837220911894529,a premixed cocktail of the drugs,Disagree
1296368424621191169,that medicine,No Stance
1294635174953549825,the masks,Disagree
1254270509862334465,Dora Said Paracetamol,No Stance
1288280482531155969,Hydroxychloroquine cure claim,No Stance
1294617390941184000,social distancing,Agree
1280515999717097483,human fecal matter,No Stance
1288915107758694400,hydroxychloroquine,Agree
1240669996486926336,Old malaria drug hydroxychloroquine,Agree
1288324385011642369,hydroxychloroquine,Disagree
1293319247247093760,ordinary good nutrition,Agree
1253942020818624512,doses of Dettol,No Stance
1282253371743838210,bleach,No Stance
1245319646217228289,Alex Jones’s Bogus Coronavirus Cures,Disagree
1288165727870971904,#Hydroxychloroquine,Agree
1282442499303202816,liberal tears,No Stance
1294285215100264449,your hands,Agree
1289790890651914242,convalescent plasma on a regular basis,Agree
1252792248598700032,Social Distancing,Agree
1287518866231312385,masks,Agree
1254237680767864832,antibiotics,Disagree
1294234322736689153,#WearAMask,Agree
1288166993556799488,LAC DPH business re-opening checklists,Agree
1288848124128223237,your hands with #soap and #water,Agree
1252638330593869824,a local herbal remedy,Agree
1280640634114789383,some Vicodin,Disagree
1288922564979548160,Hydroxychloroquine,Disagree
1234268018126929920,new southern border restrictions,Disagree
1252683901484568576,a home-made mask,Disagree
1254434156152586240,UV light,Disagree
1287221102331265027,condoms,No Stance
1247689406686822404,What masks,No Stance
1285574878414860289,cow urine cure Corona,Disagree
1288765528698429446,hydroxychloroquine,Disagree
1293087624387756032,Ventilation,Agree
1245997397785718784,candles,Disagree
1240608516219367424,makahanap na nga ng gamot,No Stance
1288963079158587393,agita,Disagree
1288347946279489536,hydroxychloroqueen,Agree
1288731850920177664,masks,No Stance
1282184907880423425,vitamins and skin disinfectant,Disagree
1253956888397520896,High-contact surfaces,Agree
1252848216900435970,vitamin IV drips,No Stance
1288432416659517441,vodka,Disagree
1252669707615797248,Hydroxychloroquine,Agree
1240511275773263872,Yall,No Stance
1288523569794818052,AMERICAS FRONT LINE DOCTORS,No Stance
1295344835222810624,regular RT-PCR test to its workers,Agree
1254208128561737728,Sunlight,Disagree
1252477040168701953,Vitamin C,Disagree
1247864268982300672,masks,Disagree
1253048771635589121,these defective Vanch masks,Disagree
1294568656224030721,off music,Disagree
1240593083777126400,Osteopathy,Disagree
1253881936231034881,Lysol,Disagree
1295459102060154881,Disinfecting,No Stance
1254367179069366272,industrial bleach,No Stance
1254289790024835072,Tide Pods,Disagree
1280192725871218689,firearms,Disagree
1234575760737914880,those stupid masks,Disagree
1289062646348742657,your paper towel,Agree
1240668066742185985,Lungs,No Stance
1288279625336905728,hydroxychloroquin,Disagree
1288411988243230721,Hydroxochloroquine,Agree
1288536607281287169,HCQ with zinc,Disagree
1289971491300184064,a mask help,Agree
1252645245247987714,cracking and weight loss supplements,Disagree
1245908812139245568,some pineapple lemon soup thing,No Stance
1254386520036950018,cleaning fluids,Disagree
1295704459356643328,a mask,Agree
1240672347356639233,a drug,Disagree
1253020749079535622,social distancing,Agree
1295617666871369728,Masks,Agree
1240207586986688512,soap and water,Agree
1252579507027886080,kopiko brown,No Stance
1294314968737669125,social distancing,Agree
1240483034589093888,Daniel Andrews Victoria Premier Remdesivir,No Stance
1288872172891656193,Hydroxychloroquin,No Stance
1282278407959482369,his hydroxychloroquine and disinfectant cure,Agree
1290472679800098816,hand washing equipment,Agree
1283563961775005698,Pneumanic plague,No Stance
1295686379574145024,Green recovery,No Stance
1288850279048384512,Hydroxychloroquine,Disagree
1289047322274471936,hydroxychloroquine,Disagree
1254323787417468931,group peddling bleach,Disagree
1288344625820901377,hydroxychloroquine,No Stance
1294533988577505280,good hygiene,Agree
1294367599564734464,Hydroxychloroquine,Agree
1247869140897075201,masks,Agree
1240446337948110848,an anti rabies,Agree
1252458973065891840,herbal medicine,Disagree
1289963797919051776,the statewide mask mandate for Arkansas,No Stance
1254233552712941568,toothpaste,Disagree
1247764992461393923,the lockdown period,Agree
1252717273820823552,bear bile and rhino horn,Disagree
1240295571883282433,the Tamil home remedies,Agree
1296527290084388864,a mask,Agree
1247986654461165569,seven face covers for everyone,Agree
1245889823208062976,Goalie hockey bags,No Stance
1291733860938428417,rat poison,No Stance
1240651523232800776,Hydroxychloroquine,Agree
1288300448055795712,Hydroxychloroquine,Disagree
1288535501826396160,#Hydroxychloroquine daily,Disagree
1280398170711883776,bleach,Disagree
1289105528770236417,workplace training and inspections,Agree
1288799417752006658,Fatso’s,No Stance
1253984086147821569,jaggery,Agree
1288562579573530625,Hydroxychloroquine,No Stance
1240342241341734916,a flu vaccine,No Stance
1288527407507550209,aquarium cleaner,Disagree
1295400439081504768,no social distancing,No Stance
1288566654251569152,alien DNA and disinfectant injections,Disagree
1287436768661237761,seatbelts,No Stance
1252612556377612288,GOVERNMENT- stay home,Agree
1287382877353713665,non medical masks,Disagree
1254230865862733825,an injection,Disagree
1294684847483449344,disinfectant,Disagree
1254328493359448064,social distancing,No Stance
1294649488330461186,a mask,Agree
1295803280250019840,#colchicine,No Stance
1245991474153447424,the plasma from infected then cured person,Agree
1240656937873739776,Agbo,Agree
1252442181362610176,chinese traditional medicine,Agree
1288220123485085698,#StayTogetherApart,Agree
1288256847204491264,the masks,Disagree
1290490621140992008,a mask,Agree
1254080729501204481,a cloth face covering,Agree
1288883858302218241,hydroxychloroquine,Disagree
1288276823185465349,#hydroxychloroquine,Agree
1252636723588354048,plasma therapy,No Stance
1283699584946933761,cow urine,Disagree
1288940775342915584,a disposable camera,No Stance
1252654464898527232,a simple soap,Agree
1240343682672472070,social distancing,Agree
1252823667383234562,Social distancing,Agree
1293171725069361155,Quarantine and masks,Agree
1288210684849913856,hydroxycholorquine,Agree
1288632868298784779,Hcq,Agree
1253086714031222786,the perfect gloves,Agree
1286385333257609221,Hydroxichloroquine,Agree
1252679573679964161,Zinc,Disagree
1247744982456270848,groceries,No Stance
1288120772645404674,that Marijuana,Disagree
1240428437824774151,Japanese drug Avigan,Agree
1285395682136715265,Taco bell,Disagree
1247795509110038528,Sodium Hypochlorite solution,Agree
1254422967657906182,bleach,Disagree
1240241724125065216,handwashing,Agree
1294359207102369798,a mask,Agree
1282432121601024000,toxic bleach,Disagree
1240299073204137985,JCB excavation process,No Stance
1290509923416236032,Masks,No Stance
1288688957639675906,#hydroxycholoroquine,Disagree
1247956132544552960,#SocialDistancing,Agree
1294746844556226560,“ hydrox,No Stance
1234527724087234560,protective masks,No Stance
1254453788540190720,sunlight and disinfectant,Disagree
1240715012626407427,garlic water,Disagree
1254469397588082689,injecting disinfectant,Disagree
1240767897917628416,Chroloquine,No Stance
1294239905690923008,masks,Agree
1288192631487561734,3 medications,No Stance
1254525350832418817,disinfectant injections,Disagree
1288727516379840512,eye protection,Agree
1283707806072344576,4 medications,Disagree
1285586067199086592,throat syphilis,No Stance
1288985198596689923,Flinstones vitamins,Disagree
1240463356676296704,Supercomputers,No Stance
1240619241344241665,hot toddy,No Stance
1294634610991730691,clear – masks,Agree
1247823504256503811,warm water,Agree
1240705870356287488,70+ year old malarial drug,No Stance
1247934263426715650,the sanitizers,No Stance
1283903307770028032,an inhaled steroid,Agree
1254491371076939776,poison,Disagree
1247824806696927237,Gloves,Disagree
1288184354208964608,their hands,Agree
1289869283560849408,plasma antibody therapy,No Stance
1240652757763309573,cancer drugs,No Stance
1288771656987611137,a drug,Disagree
1246972699206918144,the drug,Disagree
1252880435601760256,its anhydrous predecessor CQ,No Stance
1288474587542454272,#Hydroxychloroquine,Agree
1240664715149185025,Cow Urine,Disagree
1252673993695539210,drug,No Stance
1254406412534452224,@Clorox or @Lysol,Disagree
1234461832200511488,his face,No Stance
1254455638576381952,tanning,Disagree
1234384392816091137,Ginger and Garlic,No Stance
1288192284664778752,hydroxychloroquine cocktail,Disagree
1288197860710846466,water vapor,No Stance
1247947352977158144,home,No Stance
1282169071476199424,Ayurveda,No Stance
1240551406920257537,the Anti-Malaria drug,No Stance
1234428068535701504,your face,Agree
1254097310663008257,A self-driving car with an articulated arm,Agree
1240188366810796033,spitting in public places,No Stance
1291890784959000576,a beer,Disagree
1245921197683924994,Lighting DIYA,Disagree
1295383798583046144,your mask,Agree
1287255134720991233,your hands,Agree
1295214795637964800,masks,Disagree
1280477722549063680,Zithromax and Plaquenil,Disagree
1283762360054771713,a mask,Disagree
1240216453258887174,clean water,Agree
1254056371009409026,illegal Drugs,No Stance
1240588729405800448,Laughter,Disagree
1288910346103803904,mask,Disagree
1240615172236066816,Gal Gadot,Disagree
1288816578021208064,masks,No Stance
1288327328070684673,hydroxychloroquine,Disagree
1289891378332237829,home,No Stance
1240206623630598144,FALSE remain indoors,No Stance
1240313983795675136,the Cafe,No Stance
1285610851823685633,bleach,Disagree
1240627637216821248,malaria,No Stance
1296488929516978176,people injest bleach,Disagree
1289022263505772544,a onion,Disagree
1296273810547568641,your own piss,Disagree
1295821341439000576,hot drinks and juice,Agree
1288994870867222528,your face,No Stance
1298338423468511232,lobster,Disagree
1240305116412067841,cash,No Stance
1254553623452770306,bleach,Disagree
1253064752491880448,Masks,Disagree
1240305497464549380,social distancing & grocery stores,Agree
1240522225851105286,dahyun,Disagree
1240288318840918016,a web app to trace path,No Stance
1234555395206574080,masks,Agree
1288840587634855942,Pumpkin Spice Lattes,Disagree
1292188112295276544,vodka,No Stance
1247734832299421696,enough antibodies,No Stance
1240722613640585219,toilet paper,Disagree
1291872180721127425,BREAST MILK,No Stance
1247905826125172738,a face covering,Agree
1254424143354908672,chlorox injections,Disagree
1240565311599980546,Malaria drugs,Agree
1247881339052806144,native medicines,No Stance
1252720413253292032,seven virgins from #Tasued,Disagree
1240288646764187654,home,No Stance
1240237214195482624,lockdown,Agree
1240365385335083009,a warm shower,Agree
1254067797581168641,goods,No Stance
1240299422447276032,your hands,Agree
1240736763410251776,vitamin D supplements,Agree
1291418767411617795,#Hydroxychloroquine,Disagree
1288257326093414400,the drug,No Stance
1297919233419096065,your cloth face covering,Agree
1254079534347018242,bleach,Disagree
1254459979848749056,blood(plasma,Agree
1288548855802286080,vodka,No Stance
1283878451175464965,#cannabis,Disagree
1280449040329650177,a handshake,Agree
1288397620034101248,vodka,No Stance
1287462722351910912,masks,Agree
1252508312094027776,antibiotics,Disagree
1291896944239968256,Hydroxychloroquine,Agree
1248003830639259648,a cough expectorant,Agree
1293124659953762304,eat clean,Agree
1289006753086967808,a mask,Disagree
1288012616548282374,Hydroxychloroquine and Azithromycin,No Stance
1254512238691586048,the idle processing power,No Stance
1252717798792376320,their plasma blood,Agree
1288377469343608832,hydroxychloroquine': US doctor,No Stance
1288227618823835649,hydroxychloroquine,No Stance
1240276366324641794,Hand washing,Agree
1240691995686735873,Malaria Drug,Disagree
1293223996260061184,a mask,No Stance
1288483739773751296,abt cow urine,Disagree
1287334664810590213,की sanitizer,Disagree
1280001516875599873,Gomutra,Disagree
1295728616396005379,social distancing,Agree
1288227682208145408,hydroxychloroquine,No Stance
1240346863724826628,Social distancing,Agree
1294263308439224321,nightclubs,No Stance
1247700923947700224,foods,No Stance
1252563870046011395,exposure to droplets,Agree
1254403986934947848,pure sunlight,Disagree
1240296742349950978,an Elizabethan Collar,No Stance
1290691198709977089,the curfew,No Stance
1240496141810139137,the little anti-malaria drug,No Stance
1240600664050405381,harry styles,No Stance
1285436057786425344,a mask,Agree
1254128477743337472,your hands,Agree
1278769157882822656,an antiviral drug,Agree
1240382470522093571,masks,No Stance
1294461197731807237,SARS-CoV-2,No Stance
1288868254887313408,hydroxychloroquine,Agree
1288255885848875011,Vitamin D,Agree
1252647680179941376,Personal Protective Equipment,Agree
1247680574216638470,62 vaccines in development,No Stance
1247967641366495232,some other drugs,Agree
1280216365886877696,a key component antibody,Agree
1252701643839283202,Hydroxychloroquine,Disagree
1277237552584331264,bleach,Disagree
1245932914652504065,Heat,Agree
1294395121782460417,Marijuana,No Stance
1240551315454988288,doses’ of to cure,No Stance
1234612228415983617,some hand sanitizer,No Stance
1240647994711703552,test method,No Stance
1288320012487479297,bleach,Disagree
1288780169717612545,hydroxychloroquine,No Stance
1252932962343178242,Social distancing,Agree
1234494977822031872,a surgical mask,No Stance
1252849922388267008,ventilator,Agree
1292017197456400389,Coronil,Disagree
1288332151541334017,Hydroxychloroquine,Agree
1254560183314980865,flex seal,Disagree
1254142658689339393,your face mask,No Stance
1240702164680339457,One Day Speed,No Stance
1240582655076372480,this drug,Agree
1286306685540171776,disinfectant,Disagree
1252520722855059456,10 disaster relief food items,No Stance
1252896268831129601,their hands,Agree
1288880797869641729,Can Selenium,No Stance
1252713558892261378,homemade masks,No Stance
1252983178337439746,Macushield Gold,No Stance
1279926512058327040,Hydroxychloroquine,Disagree
1247736453846597633,Avigan,Agree
1288462059865288704,a snake,Disagree
1240329246977011712,quarantine,Agree
1240692985420898308,Chloroquine,No Stance
1292867511994769410,bleach,Disagree
1240352523283644416,your hands for 20 seconds,Agree
1297836095552585728,the British flag in the upper right hand corner,No Stance
1240733713928990720,I'm hearing chloroquine,No Stance
1285534246489268224,the UV light,Disagree
1254206281809891328,bleach,Disagree
1293211824792379396,some masks,Agree
1252732012680617991,social distancing,Agree
1240752952274563072,this chloroquine,Disagree
1297989259777978376,disposable face masks,Agree
1294651711093706760,a mask,No Stance
1294288116044292096,Face Masks,Agree
1240317108115955714,your hands,Agree
1288363645974519810,hydroxychloroquine,Disagree
1254125471396065280,the use of disinfectants,Disagree
1295840754980462592,HCQ,No Stance
1246958195358281728,Wyld Stallyns music,Disagree
1283614244819341316,#Masks,Disagree
1254555408309444608,bleach and/or disinfectant,Disagree
1245930891903250432,30 nukes,Disagree
1291575819815411712,my breast milk,Disagree
1277230189517451266,Clorox,Disagree
1252734575475929091,a bottle of his coronavirus cure,Disagree
1254077709996548096,home,Agree
1252501389634416640,#Hydroxychloroquine,No Stance
1254259415814938624,drug,Agree
1240404453066498048,soap and water,Agree
1240734057937489924,hydroxychloroquine,No Stance
1247861131332313090,Clean Water,Agree
1240346823698546690,your household surfaces,Disagree
1289955645282758659,vitamin D,Agree
1288854963444166656,a mask,No Stance
1288035243535020032,mask,Agree
1254072364578586624,home,Agree
1252956353481576449,hand hygiene,Agree
1254081644937478146,your hands,No Stance
1247950593114718215,no drugs or other therapeutics,Agree
1288281259387400193,hydroxychloroquine and zinc,No Stance
1253956377413812224,Physical distancing & regular handwashing,Agree
1240560167676149760,anti malaria drug,Agree
1289839581496397825,masks,No Stance
1234275040385998849,good hygiene,Agree
1277293444466118656,a witch doctor,Disagree
1252741383909040128,chloroquine,Disagree
1237223083758563328,cocaine cures,Disagree
1246014088452300802,antibody-rich plasma,Agree
1293004966630699008,Good hand hygiene,Agree
1252716790234284032,Vitamin D,Agree
1293238486645051393,classroom spacing,Agree
1288296204384612352,hydroxychloroquine,Disagree
1240587318655762435,UV rays,No Stance
1297956841637343232,Face masks with valves or vents,Disagree
1252843540033363970,masks,Disagree
1240632989672931333,Natural Killer cells,No Stance
1248007759938936840,home,Agree
1252953442722746368,a remote control…,No Stance
1286395480029593600,Clorox,Disagree
1240712642731204609,essential oils,Disagree
1254497372077342720,disinfectant cures,Disagree
1288257028478005249,Hydroxychloroquine,Disagree
1277041322713444352,disinfectant,Disagree
1252922128523034624,food parcels,No Stance
1254300428914884609,disinfectants,Disagree
1254486404203270147,disinfectants,Disagree
1289971425453858816,hydroxychloroquine,Disagree
1252539510719643650,lockdown,No Stance
1288834767253839873,a substance,No Stance
1239404417033486336,sex,Agree
1252435784457547777,HCQ+Z pack,Agree
1254365379683549185,'Injecting’ Disinfectant,No Stance
1289103546693156864,mask,Agree
1288170788189802497,disinfectant,No Stance
1240595447615557632,this chloroquine,Agree
1296266746635018245,Oleandrin,Disagree
1240666958141546497,two drugs,Agree
1288806209617879043,bleach,Disagree
1240675926150721536,the sun for 10 min,Disagree
1234507674089246721,WHO mask,Disagree
1280474227230027776,Hydroxychloroquine,Disagree
1254436039512465411,Lysol,No Stance
1283645906655436801,Antibiotics,Agree
1246011822513274882,Zinc,No Stance
1288251084478316545,hydroxychloroquine,Disagree
1240376424382566400,light,No Stance
1254454366959878144,Lysol & Bleach,Disagree
1253903934512455681,UV lighting,Disagree
1288950032562085888,hydroxycloriquine,Disagree
1288358376657883136,Trump’s fake Meds,Disagree
1288382690870415361,hydroxychloroquine,Agree
1283726637209657345,the heat,Disagree
1289916862831054850,masks,Agree
1240613005370458115,your hands,Agree
1283658996222619648,insecticide,Disagree
1254469122617864192,#nicotine,Agree
1254270543051673600,chlorine dioxide,Disagree
1289784307733549056,Injecring bleach,Disagree
1296427887378259968,bleach,Disagree
1252805849208090627,an automated handwash dispenser,Agree
1252551121110831105,Nationwide lockdown,No Stance
1240392181279608838,#SocialDistancing,Agree
1252978780492238848,social distancing,Agree
1288547675391090688,The Johnson Treatment,Agree
1253948990103719936,#nicotine,Agree
1254425354976071680,injecting bleach,Disagree
1252564015248822274,a well-balanced diet,No Stance
1288281880211726336,dangerous drugs,Disagree
1293137088297209856,BLM signs,Agree
1288930564393906176,hydroxychloroquin,Disagree
1295461343651180544,the best drug therapy,No Stance
1245930601120542721,vedic science,No Stance
1254182367062876162,social distancing,Agree
1295798381911171075,a vaccine,Agree
1294513565173460992,federal aid from the postal service,No Stance
1254267186358685696,disinfectants,Disagree
1288354708827049986,Hydroxychloroquine,No Stance
1247910959353679872,6 feet of physical distance,Agree
1287916966624276481,#3DLiDAR technology,No Stance
1290624923585531904,these masks,Disagree
1252681369861287936,smog),No Stance
1278714745978306560,Bread And Mekosam,Disagree
1290046642452742144,Chloroquine,No Stance
1252932114770587651,social distancing,No Stance
1287390438719197185,a mask,Disagree
1252919267680542722,physical distancing and self-quarantine,No Stance
1254128351268257798,INJECT BLEACH,Disagree
1253927721173991424,your groceries,No Stance
1288548033769213954,#Hydroxychloroquine,Disagree
1288644851760799744,goggles,Disagree
1254014594806358016,your hands,Agree
1294342275464536064,physical distancing and face coverings,Agree
1240252008977686529,home quarantine and isolation,Agree
1296245307978768384,their Covid-19 respiratory therapy,Agree
1288625153845256192,HCQ,Agree
1280644406446641153,inhaled steroid,Agree
1286379576780902401,Pounded yam+ Vegetable soup+ plenty goat meat,No Stance
1283877608988401665,injection of Goya,Disagree
1240711854726336512,Kwani,No Stance
1290639625866760192,Vitamin D3,Agree
1280275394977861634,moon dust,Disagree
1288635653064929280,goggles,Agree
1298379559847559168,bleach,Disagree
1294282607514050561,their hands with soap & water,No Stance
1285639226839773184,Eucalyptus oil with hot water(steam,Agree
1254141912849756162,Staying home,Agree
1234272467998433280,N95 masks,Agree
1294608483699105793,zero social distancing,No Stance
1245981375166988289,fish tank cleaner,Disagree
1297885344407273474,masks,Agree
1252733422742712322,Hydroxychloroquine,Disagree
1240355109869105154,drugs,No Stance
1288895792556593152,mandatory drugs,Disagree
1252832864170721283,THE MAJORITY OF KIDS,Disagree
1240257995751059458,home,Agree
1294463391071756289,anti-illegal drugs,No Stance
1240569165049745409,Malaria,No Stance
1296527478698192898,bleach,Disagree
1277082627737092096,a mask,Agree
1254553301355499520,a pill,Disagree
1287915828848013313,sacrificial animals,Agree
1289015952076689409,Hydroxchloroquine,Agree
1285452075166400512,cow urine,Disagree
1252996095573180418,milk,Agree
1285694670551633920,carina deluca,Agree
1234317655806443520,social distancing,Agree
1253916157167439872,a giant UV light into his system,Disagree
1293117758310436864,a mask,Agree
1280642644486557697,BREAST MILK,No Stance
1295444708227833856,masks,Disagree
1287300945651539969,your hands,Agree
1254108223507959808,SPF,Disagree
1254307812865433601,bleach,Disagree
1240231720906977280,MARCH 19 TO MARCH 25,No Stance
1252641889511235588,Michigan lockdown rebellion,No Stance
1240726921878659072,chloroquine,Agree
1240776710733402115,Chromatica,No Stance
1240351336010518532,gatherings in state,Agree
1240648433293316098,Meredith Grey,Disagree
1252556249750622209,an antiseptic items,Agree
1254007805725437953,these masks,Disagree
1288954187980603392,your own body,Agree
1240310538883567617,healthy foods,Agree
1253107315043172353,antibodies,Agree
1278723828110196736,My drink,Agree
1240685520197259264,malaria drug,Disagree
1252641261485305856,Lockdown,Agree
1252945021495422976,KN95 Medical Face Masks,Agree
1291592245565562881,banged thalis & lit diyas,Disagree
1234549345695019008,masks,Agree
1287463002141151232,a mask,Agree
1254533823972466688,odesza,Agree
1240670745845514241,Choloroquin,Disagree
1288479809383747586,Giloy,No Stance
1247860149743751169,lower back pain,No Stance
1252509610369527808,your gadgets,No Stance
1290776331073064960,only N95 masks,Agree
1286295280560697344,his drug)Coronil,Agree
1252671582184574977,Fake Kano Vaccines,Disagree
1254444488031756294,UV&,Disagree
1289009042610937856,cloth facemasks to football helmet,Agree
1240733934884925443,a reengineered measles,Disagree
1298262912604057601,drinking bleach,Disagree
1297961170410844160,home with their children,No Stance
1288278901807034368,ovarian cysts,No Stance
1240353656446345224,face mask,Agree
1288201058548944901,masks,Agree
1283663841323134976,cake,No Stance
1288494272963018757,Hydroxyqloroqeuine,No Stance
1252727275038130176,hand-sewn coronavirus masks,No Stance
1240339742396428289,their hands,No Stance
1240729134411677707,Ordinary Chloroquine,No Stance
1252927039256002562,your face,No Stance
1288705337793695744,Hydroxychloroquine,No Stance
1295307330121166849,The infrared technology,Disagree
1254394620718481408,disinfectant,Disagree
1291598147525935105,injecting disinfectant,Disagree
1240526156971094016,no Herbal Concoction,No Stance
1254473030602014720,group peddling bleach,Disagree
1240630005735895041,Paraacetamol,Disagree
1294095451273211905,a cloth mask,No Stance
1298009704443121665,Oleandrin,Disagree
1287939899660828673,indoor restaurant dining,No Stance
1288891710534299650,a mask,Agree
1240774776974606338,nicola coughlan,Disagree
1288181864218472448,Hydroxy,Disagree
1254539310361006080,'Injecting’ Disinfectant,Disagree
1288233178113740801,An Unproven Malaria Drug,No Stance
1282443866965237760,Demi’s laugh,No Stance
1288832124011913216,measles,No Stance
1252694323461861377,hydroxychloroquine,Disagree
1288209429276499968,an OTC drug,Agree
1254520003514249223,hydroxychloroquine,No Stance
1283889218897326080,the brain,No Stance
1283613302875205632,hot sausage juice,Disagree
1253098770784550912,shields,No Stance
1282416028903813120,an anti-viral drug,Disagree
1254032415560851456,your cloth mask,Agree
1252520089502580737,The smile,Agree
1240775063994941440,an anti-HIV medication,No Stance
1288228908710662146,hydroxychloroquine,Agree
1240279028042522625,Philippine government claims bananas,Disagree
1291888600951357440,HCQ,Agree
1252483942319394816,#hydroxychloriquine,Agree
1253040370184859648,Social distancing,Agree
1254516574024654849,UV lights inside the body,Agree
1288205556365307905,nitric oxide,No Stance
1242724305496129536,the #safety measures,Agree
1240720910400790530,orange juice,Disagree
1240296252245508097,simple surgical masks,Agree
1252416111791927302,young sheldon,Disagree
1280248334200995844,dog crap out of your neighbor’s yard,Disagree
1295233431765504002,all the SOPs,Agree
1278729977542868992,plasma worth $83bn for cure,Agree
1280462442028347392,ANDREA KALCHER DIOXIDO DE CLORO GENERA POLEMICA BOLIVISION,No Stance
1240631924244099073,#drug,No Stance
1288285293645377536,vodka,Disagree
1292091992386625536,hydroxychloroquine,No Stance
1240519367491825665,cold medicine,No Stance
1297936463938625540,masking and social distancing,Agree
1240762260617867264,a drug,Agree
1253003325798150144,oil reserve,No Stance
1240775424940158979,a can of Lysol,Agree
1288354142512193538,Shark vomit,Disagree
1295621709916246017,a cloth face-covering,Agree
1254248049850953729,Smoking,Agree
1253035370028994565,home from work,No Stance
1252669095096377345,bath in cow dung,Disagree
1240667972110176256,hydroxy-chloroquine,Agree
1288445625722445824,Hydroxychloroquine and demon sex,Disagree
1252680822462779394,this lockdown,Agree
1240677760823169025,mango dey,No Stance
1247924684852580352,drugs,No Stance
1289984782282104832,an online sales,No Stance
1245919459006529536,Tobacco,No Stance
1287420125927227393,social distancing,Agree
1288781642262179840,pepper,Disagree
1297435157708910597,a crack rock,Disagree
1252607763567403009,'juice’ supplements,Disagree
1247925335322062848,hydroxy,Agree
1254277452760641537,My sweat,Disagree
1285680520416894983,olive leaf extract,Disagree
1240741349248380937,slightly old feta,Disagree
1240679500574117888,Hydroxychloroquine and azithromycin,Agree
1285636387241373697,A Vaccine,Agree
1277981354160865281,bright light and bleach,Disagree
1261642674299338752,personal protective equipment to judicial authorities,Agree
1257486271921950720,Social distancing,Disagree
1245276172897804288,home,Agree
1248150407630557185,police visibility,No Stance
1264330407258009602,a clear vinyl panel,No Stance
1265799896482959360,#AfterInked moisturizer,No Stance
1262799120823091202,a special medication,Agree
1258293692709904384,a kreile cure,No Stance
1261846414134370306,a face mask,No Stance
1262255505772339202,s ammo,Disagree
1262545837046902784,#Hydroxychloroquine,Disagree
1249825016839049216,hydroxyquinone,No Stance
1258278874443591682,Gangajal,Disagree
1262870763171753984,Cannabis extracts,Agree
1241700487818358785,Complete Saint,Agree
1245441042322776064,your hands with sanitizer,Agree
1262766275702521858,food or food packaging,Disagree
1246123437694869510,your hands,Agree
1241827666073989120,Essential oils,Disagree
1249805307603279872,hand sanitizer,Agree
1257813314517811200,musk’s baby,Disagree
1257742664524599298,cow urine,Disagree
1261855228007190530,strict protocol,Agree
1245375036275462145,social distancing orders,No Stance
1258387399559614464,antibodies through Ganges,No Stance
1241797249979555842,the 2 drug cocktail,Disagree
1267112347933577217,social distancing,Agree
1273238025775067137,Chlorhexidine,No Stance
1273144152033722370,temporary lockdowns on Tuesday,Agree
1245985467985571843,just soap and water,Agree
1241727124798488578,hydroxychloroquine & azithromycin”,Disagree
1262795329084293120,#hydroxychloroquine,Disagree
1270858581106032642,face masks,Agree
1249774083543314439,acid in the stomach,Agree
1273577163082604544,disinfectant,Disagree
1244678083774427139,these useless masks,Disagree
1241697023130124289,social distancing,Agree
1266099889219534848,a lung drug,Agree
1241723715248848897,Martial cant cure coronavirus,Disagree
1248110912424140800,a solar-powered sink,No Stance
1245908887720558600,The right disinfectants,Agree
1266048789426638848,your mobile or voice,Agree
1245366537239834625,home quarantine,Agree
1264574765278339074,the Hydroxychloroquine,Disagree
1257519698725330944,antibodies,No Stance
1262410728503341063,Gau mutra,Agree
1257541498570264576,the Covid-19 organic herb cure from Madagascar,Agree
1249756404581367808,vodka,Disagree
1257510943895977984,Trump hydroxychloroquine,Disagree
1249732582704545794,Meredith Grey,Disagree
1257581369561157633,TB vaccine,Disagree
1261869185405091840,lockdowns,Disagree
1262575985372721157,ayurvedic herb Ashwagandha with anti-viral properties,No Stance
1266989595914309635,relative humidity on the social distancing effectiveness,No Stance
1261646905320239104,Continuously active surface disinfectants,Agree
1261669998478733312,#socialdistancing,Agree
1237664408106676224,paracetamol,Agree
1245375985484169216,saunas and vodka,Disagree
1238713578506440705,your immune system,Agree
1262030614376714242,protective mask,Agree
1237803583699144710,McDonalds Sprite,Disagree
1262697033644888064,an insecticide,No Stance
1258295871755767814,Ayurveda Medicines,Agree
1262570720548147200,unproven malaria drug,No Stance
1241753436951019520,three gallons of water,Disagree
1273066883961552896,contact-tracing apps,Agree
1265213273298829313,Hydroxychloroquine,Disagree
1270058076394197000,social distancing,Agree
1237826105358405636,puppy snuggles,No Stance
1245271998105882625,new in-store protocol,Agree
1268017558864699393,masks,Agree
1276483858272223232,a face mask it’s that,Agree
1262841540604497926,unproven drug,No Stance
1245375428208050177,even home-made mask,Agree
1262561068477345792,hydroxychloroquine,Disagree
1257798758722613248,Amala,Agree
1248213324610899968,social distancing,Agree
1265957643803377665,a strong immune system,Agree
1249688898235707392,Chloroquine,Disagree
1262138322861928448,lock-down,Agree
1266961639443595264,a mask,No Stance
1265978567571189760,hands with soaps,Agree
1244604429296455681,Non-Pharmaceutical Chloroquine Phosphate,No Stance
1237559746258821120,a Diabetes,No Stance
1246195434801987584,cloth masks,No Stance
1238804081763741696,social distancing,No Stance
1270119433504280581,her mask,Agree
1257649900633780224,HCQ,Agree
1249701355410907137,Hydroxychloroquine & Azithromycin,No Stance
1262036576042995712,a mask,No Stance
1238813402597855233,these masks,Disagree
1263998607134343168,home,Agree
1270679757789761538,your face and mask,Agree
1237756695897681922,vitamin C,Disagree
1262077794361606147,hydroxychloroquine,No Stance
1262718382618447873,hydroxychloroquine,Disagree
1257769169052991489,bleach,No Stance
1244762512647688195,s 3drug regimen,Agree
1262548151761694720,hydroxychloroquine,Disagree
1238769036172890112,#vitaminD,Agree
1262770413408575489,Your mouthwash,Agree
1241819764982452225,a distilled elixer,Disagree
1241804187526184960,cannabis,Disagree
1262400103551303683,No mask,No Stance
1245158721367334912,a mask,Agree
1248202327980474373,social distancing practices,Agree
1262685035833946118,hydroxychloroquine,No Stance
1262695133335543808,an unproven drug,No Stance
1270809422466560001,TESTING & MITIGATION & DISTANCING & FACE MASKS,Agree
1257472805379006465,disinfectant,Disagree
1258350629388521475,herbal solution,Agree
1248193129242476545,anti-malarial drugs,No Stance
1241835425184075782,Garlic and bleach won’t cure,Disagree
1238735276857491456,mask,Agree
1246204627713957888,my clothes,No Stance
1258293500661182464,social distancing,Agree
1257637522911506433,Hydroxychloroquine Works,Agree
1238778559591788544,your hands,Agree
1245892551867084801,tea,Disagree
1241739535593148416,a drug,Disagree
1244735542895484928,home,Agree
1258441598775500800,continuing social distancing,Agree
1262541755330822144,unproven #hydroxychloroquine,Disagree
1262676394510876672,hydroxychloroquine,No Stance
1238850849268330496,the curfew,No Stance
1258208734855086081,this dangerous drug,Disagree
1244639611835625473,my hands,Agree
1238734439250825216,home,No Stance
1257727107209269248,UV rays,Disagree
1237575427230552066,vick’s vapor rub,Agree
1261632910471372800,face masks,Agree
1238874608494731264,social distancing and sanitation procedures,Agree
1262586410768519170,hydroxychloroquine,No Stance
1248130216322424832,homade protactive face mask,Agree
1237716743147130881,our hands with water etcas,Agree
1261673039126806529,protective masks,Agree
1245299527529062401,naas,No Stance
1262762238135291907,Hydroxychloroquine,No Stance
1244745432699371521,social distancing,Agree
1270731579611066370,school closures,No Stance
1262379820832481280,Hydroxyqlorequin,Agree
1261549989798559745,mask,Agree